{"yong.cho@ce.gatech.edu": ["Yong Kwon Cho", "Associate Professor & Group Coordinator", "404-385-2038"], "daniel.castro@coa.gatech.edu": ["Daniel Castro", "Adjunct Associate Professor", "404.385.6964"], "haiying.huang@ce.gatech.edu": ["Haiying Huang", "Associate  Professor", "404/385-0059"], "russell.gentry@coa.gatech.edu": ["T. Russell Gentry", "Adjunct Associate Professor", "404.894.3845"], "adjo.amekudzi@ce.gatech.edu": ["Adjo A. Amekudzi-Kennedy", "Associate Chair, Global Engineering Leadership & Research Development; Professor", "404.894.0404"], "wayne.clough@ce.gatech.edu": ["G. Wayne Clough", "Secretary Emeritus, Smithsonian Institution; President Emeritus, Georgia Institute of Technology", "404/385-2755"], "jl418@mail.gatech.edu": ["John Z. Luh", "Part-Time Lecturer", ""], "dscott@gatech.edu": ["David W. Scott", "Associate Professor", "404.894.1485"], "bruce.ellingwood@ce.gatech.edu": ["Bruce R. Ellingwood", "Professor Emeritus", "404/894-1635"], "ted.russell@ce.gatech.edu": ["Armistead G. Russell", "Howard T. Tellepsen Chair & Regents' Professor", "404.894.3079"], "jspain@ce.gatech.edu": ["Jim C. Spain", "Professor Emeritus", ""], "lauren.stewart@ce.gatech.edu": ["Lauren Stewart", "Assistant Professor", "404.385.1919"], "bg6@ce.gatech.edu": ["Barry Goodno", "Professor", "404/894-2227"], "proberts@ce.gatech.edu": ["Philip J. Roberts", "Professor Emeritus", ""], "jet@gatech.edu": ["John E. Taylor", "Frederick Law Olmsted Professor", "404.894.8021"], "angshuman.guin@ce.gatech.edu": ["Angshuman Guin", "Senior Research Engineer ", "404-894-5830"], "svg7@mail.gatech.edu ": ["Steven Van Ginkel", "Research Associate II", "480.225.4221"], "frank.southworth@ce.gatech.edu": ["Frank Southworth", "Adjunct Principal Research Scientist", "404/894-0171"], "mike.bergin@ce.gatech.edu": ["Michael H. Bergin", "Adjunct Professor", ""], "spyros.pavlostathis@ce.gatech.edu": ["Spyros G. Pavlostathis", "Professor", "404/894-9367"], "martin.kistenmacher@ce.gatech.edu": ["Martin Kistenmacher", "Research Engineer II", "404.385.1820"], "glaucio.paulino@ce.gatech.edu": ["Glaucio H. Paulino", "Raymond Allen Jones Chair & Professor", "404.385.3996"], "kimberly.kurtis@ce.gatech.edu": ["Kimberly E. Kurtis, FACI, FACerS", "Interim School Chair and Professor", "404.894.2201"], "leonid.germanovich@ce.gatech.edu": ["Leonid Germanovich", "Professor", "404/894-2284"], "costas.tsouris@ce.gatech.edu": ["Costas Tsouris", "Affiliate", "404/894-9366"], "nelson.baker@pe.gatech.edu": ["Nelson C. Baker", "Dean, Professional Education & Associate Professor", "404/894-9658"], "ward.winer@ce.gatech.edu": ["Ward O. Winer, Ph.D., P.E.", "School Chair Emeritus", ""], "rudy.bonaparte@ce.gatech.edu": ["Rudolph Bonaparte", "Professor of the Practice", "404.307.2684"], "patmokh@gatech.edu": ["Patricia L. Mokhtarian", "Susan G. and Christopher D. Pappas Professor & Group Coordinator", "404-385-1443"], "joe.brown@ce.gatech.edu": ["Joe Brown", "Assistant Professor", "404-385-4579"], "john.koon@ce.gatech.edu": ["John H. Koon", "Professor of the Practice", "404/894-9365"], "fedele@gatech.edu": ["Francesco Fedele", "Associate Professor", ""], "marc.stieglitz@ce.gatech.edu": ["Marc Stieglitz", "Associate Professor", ""], "mfan3@mail.gatech.edu": ["Maohong Fan", "Adjunct Professor", "404.385.4577"], "john.leonard@coe.gatech.edu": ["John D. Leonard", "Adjunct Associate Professor", ""], "sotira.yiacoumi@ce.gatech.edu": ["Sotira Yiacoumi", "Professor", "404/894-2639"], "khaas@gatech.edu": ["Kevin A. Haas", "Associate Professor & Group Coordinator", "404/385-1812"], "guangxuan.zhu@ce.gatech.edu": ["Guangxuan Zhu", "Senior Research Scientist", "404/894-2269"], "susan.burns@ce.gatech.edu": ["Susan E. Burns", "Associate Chair, Undergraduate Programs & Georgia Power Distinguished Professor", "404.894.2285"], "michael.rodgers@ce.gatech.edu": ["Michael O. Rodgers", "Principal Research Scientist", "404/385-0569"], "chloe.arson@ce.gatech.edu": ["Chlole Arson", "Associate Professor", "404/385-0143"], "james.mulholland@ce.gatech.edu": ["James A. Mulholland", "Associate Chair, Graduate Programs & Professor", "404/894-1695"], "yang.wang@ce.gatech.edu": ["Yang Wang", "Associate Professor", "404/894-1851"], "jian.luo@ce.gatech.edu": ["Jian Luo", "Associate Professor", "404/385-6390"], "randall.guensler@ce.gatech.edu": ["Randall L. Guensler", "Professor", "404/894-0405"], "paul.mayne@ce.gatech.edu": ["Paul W. Mayne", "Professor", "404/894-6226"], "itien@ce.gatech.edu": ["Iris Tien", "Assistant Professor", "404-894-8269"], "jykim@gatech.edu": ["Jin Yeon Kim", "Senior Research Engineer ", "404.789.8179"], "talat.odman@ce.gatech.edu": ["M. Talat Odman", "Principal Research Engineer", "404/894-2783"], "dominic.assimaki@ce.gatech.edu": ["Domniki Asimaki", "Adjunct Associate Professor", ""], "kostas.konstantinidis@ce.gatech.edu": ["Kostas T. Konstantinidis", "Carlton S. Wilder Associate Professor", "404.385.3628"], "provost@gatech.edu": ["Rafael L. Bras", "Provost & Executive Vice President for Academic Affairs, K. Harrison Brown Family Chair", "404.385.2700"], "kari.watkins@ce.gatech.edu": ["Kari E. Watkins", "Frederick Law Olmsted Associate Professor", "206.250.4415"], "yongsheng.chen@ce.gatech.edu": ["Yongsheng Chen", "Professor", "404.894.3089"], "john.crittenden@ce.gatech.edu": ["John Crittenden", "Director, Brook Byers Institute for Sustainable Systems, Hightower Chair and Georgia Research Alliance Eminent Scholar in Environmental Technologies", "404-894-7895"], "lisa.rosenstein@ce.gatech.edu": ["Lisa G. Rosenstein", "Senior Academic Professional", "404.385.0347"], "terry.sturm@ce.gatech.edu": ["Terry W. Sturm", "Professor", "404/894-2218"], "phanish.suryanarayana@ce.gatech.edu": ["Phanish Suryanarayana", "Associate Professor", "404.894.2773"], "lawrence.kahn@ce.gatech.edu": ["Lawrence F. Kahn", "Professor Emeritus", ""], "fritz@gatech.edu": ["Hermann M. Fritz", "Professor", "404.385.1803"], "sheng.dai@ce.gatech.edu": ["Sheng Dai ", "Assistant Professor", "404/385-4757"], "wonho.suh@ce.gatech.edu": ["Wonho Suh", "Affiliate", ""], "baabak.ashuri@coa.gatech.edu": ["Baabak Ashuri", "Associate Professor", "404.385.7608"], "laurence.jacobs@coe.gatech.edu": ["Laurence J. Jacobs", "Associate Dean and Professor & Interim Dean of the College of Engineering", "404.894.2344"], "rafi.muhanna@gatech.edu": ["Rafi L. Muhanna", "Associate Professor", "404/385-1825"], "jorge.laval@ce.gatech.edu": ["Jorge A. Laval", "Associate Professor", "404-894-2360"], "laurie.garrow@ce.gatech.edu": ["Laurie A. Garrow", "Professor", "404.385.6634"], "james.tsai@ce.gatech.edu": ["Yi-Chang James Tsai", "Professor", "404.385.6428"], "dwebster@ce.gatech.edu": ["Donald R. Webster", "Associate Chair, Administration and Finance & Professor", "404.894.6704"], "yiching.wu@gatech.edu": ["Yi-Ching Wu", "Research Engineer II", "404.385.0285"], "ageorgak@ce.gatech.edu": ["Aris P. Georgakakos", "Professor and Director, Georgia Water Resources Institute ", "404/894-2240"], "jingfeng.wang@ce.gatech.edu": ["Jingfeng Wang", "Associate Professor", "404.385.4653"], "saunders@gatech.edu": ["F. Michael Saunders", "Professor Emeritus", "404-894-2265"], "david.frost@ce.gatech.edu": ["J. David Frost", "Elizabeth and Bill Higginbotham Professor & Group Coordinator", "404.894.2280"], "don.white@ce.gatech.edu": ["Donald W. White", "Professor & Group Coordinator", "404/894-5839"], "xing.xie@ce.gatech.edu": ["Xing Xie", "Carlton S. Wilder Assistant Professor", ""], "mustafa.aral@ce.gatech.edu": ["Mustafa M. Aral", "Professor", "404/894-2243"], "jaehong.kim@ce.gatech.edu": ["Jaehong Kim", "Adjunct Professor", "404/894-2216"], "kenneth.will@ce.gatech.edu": ["Kenneth M. Will", "Associate Professor Emeritus", ""], "reginald.desroches@ce.gatech.edu": ["Reginald DesRoches", "Adjunct Professor", "404/385-0402"], "arash.yavari@ce.gatech.edu": ["Arash Yavari", "Professor", "404/894-2436"], "michael.hunter@ce.gatech.edu": ["Michael P. Hunter", "Associate Professor", "404-385-1243"], "catherine.ross@coa.gatech.edu": ["Catherine Ross", "Adjunct Professor", ""]}
